,
Bioengineering (BIOENGR),106
Life Sciences (LIFESCI),74
Education (EDUC),182
Music History (MSC HST),130
Engineering (ENGR),105
Civic Engagement (CIVIC),140
Conservation of Archaeological and Ethnographic Materials (CAEM),155
International Development Studies (INTL DV),140
Jewish Studies (JEWISH),84
Indo-European Studies (I E STD),118
Southeast Asian (SEASIAN),170
Aerospace Studies (AERO ST),91
Turkic Languages (TURKIC),130
Mathematics (MATH),66
"Earth, Planetary, and Space Sciences (EPS SCI)",79
Disability Studies (DIS STD),116
Public Policy (PUB PLC),122
Scandinavian (SCAND),81
Environmental Health Sciences (ENV HLT),115
Iranian,79
Computer Science (COM SCI),114
Statistics (STATS),82
Electrical Engineering (EL ENGR),107
"Lesbian, Gay, Bisexual, Transgender, and Queer Studies (LGBTQS)",96
Civil and Environmental Engineering (C&EE),103
Neuroscience (Graduate) (NEURO),92
Political Science (POL SCI),113
Italian,85
Art,201
Nursing,163
University Studies (UNIV ST),98
History (HIST),117
Psychology (PSYCH),88
Chinese (CHIN),91
Vietnamese (VIETMSE),83
Chemistry and Biochemistry (CHEM),76
Physics and Biology in Medicine (PBMED),96
Physiological Science (PHYSCI),105
Korean (KOREA),92
Middle Eastern Studies (M E STD),75
Art History (ART HIS),132
Neuroscience (NEUROSC),79
Mechanical and Aerospace Engineering (MECH&AE),111
Ethnomusicology (ETHNMUS),137
Naval Science (NAV SCI),100
Spanish (SPAN),116
"Molecular, Cellular, and Integrative Physiology (MC&IP)",90
Latin,98
Epidemiology (EPIDEM),114
Economics (ECON),83
Honors Collegium (HNRS),115
Biological Chemistry (BIOL CH),80
Human Genetics (HUM GEN),98
Oral Biology (ORL BIO),81
South Asian (S ASIAN),87
Thai,76
Biomedical Research (BMD RES),117
Psychiatry and Biobehavioral Sciences (PSYCTRY),103
Theater,157
Bioinformatics (Graduate) (BIOINFO),95
Design / Media Arts (DESMA),153
Armenian (ARMENIA),130
Greek,98
African American Studies (AF AMER),116
Urban Planning (URBN PL),133
International and Area Studies (I A STD),113
Physiology (PHYSIOL),98
Musicology (MUSCLG),170
Chicana and Chicano Studies (CHICANO),133
Indonesian (INDO),86
Dance,107
World Arts and Cultures (WL ARTS),119
Archaeology (ARCHEOL),176
Arabic,135
Japanese (JAPAN),88
Program in Computing (COMPTNG),60
Classics (CLASSIC),87
Swahili,71
Atmospheric and Oceanic Sciences (A&O SCI),81
Anthropology (ANTHRO),118
"Molecular, Cell, and Developmental Biology (MCD BIO)",87
Music Industry (MSC IND),135
Environment (ENVIRON),100
Applied Linguistics (APPLING),110
Comparative Literature (COM LIT),95
Semitic,92
Filipino (FILIPNO),62
Asian American Studies (ASIA AM),111
French (FRNCH),84
Arts and Architecture (ART&ARC),138
Materials Science and Engineering (MAT SCI),121
Medicine (MED),119
Biomathematics (BIOMATH),96
Portuguese (PORTGSE),120
Gender Studies (GENDER),104
Biostatistics (BIOSTAT),100
Health Policy and Management (HLT POL),132
English (ENGL),121
Molecular and Medical Pharmacology (M PHARM),101
Indigenous Languages of the Americas (IL AMER),109
Social Welfare (SOC WLF),139
Global Studies (GLBL ST),134
German,95
Near Eastern Languages (NR EAST),86
Afrikaans (AFRKAAN),50
Music (MUSC),132
Ecology and Evolutionary Biology (EE BIOL),87
Public Health (PUB HLT),125
Management (MGMT),126
Labor and Workplace Studies (LBR&WS),155
American Sign Language (ASL),80
American Indian Studies (AM IND),125
Ancient Near East (AN N EA),98
Hindi-Urdu (HIN-URD),75
Community Health Sciences (COM HLT),151
"Religion, Study of (RELIGN)",80
English Composition (ENGCOMP),118
Serbian/Croatian (SRB CRO),63
Sociology (SOCIOL),116
Law,114
Clusters (CLUSTER),82
Astronomy (ASTR),85
Philosophy (PHILOS),115
Military Science (MIL SCI),117
Hebrew,62
Geography (GEOG),111
Linguistics (LING),104
Communication (COMM),96
Film and Television (FILM TV),170
Physics,85
Architecture and Urban Design (ARCH&UD),155
Chemical Engineering (CH ENGR),91
"Microbiology, Immunology, and Molecular Genetics (MIMG)",105
Molecular Toxicology (MOL TOX),80
Arts Education (ARTS ED),151
English as A Second Language (ESL),110
Slavic (SLAVC),76
Latin American Studies (LATN AM),122
Society and Genetics (SOC GEN),96
Asian,114
Information Studies (INF STD),185
Polish (POLSH),78
Russian (RUSSN),82
